reviews_total,avg_rating,pos_share
902,4.2727272727272725,0.8192904656319291
